"NAISTテキストコーパスの記事番号";"本アノテーションデータにおける記事ID"
"950101003";"911075408"
"950101004";"911075409"
"950101008";"911075410"
"950101009";"911075411"
"950101010";"911075412"
"950101011";"911075413"
"950101014";"911075414"
"950101015";"911075415"
"950101016";"911075416"
"950101018";"911075417"
"950101019";"911075418"
"950101020";"950190000"
"950101021";"911075419"
"950101022";"911075420"
"950101024";"911075421"
"950101031";"911075422"
"950101032";"911075423"
"950101033";"911075424"
"950101034";"911075425"
"950101037";"911075426"
"950101038";"911075427"
"950101039";"911075428"
"950101040";"911075429"
"950101041";"911075430"
"950101044";"911075431"
"950101046";"911075432"
"950101048";"911075433"
"950101050";"911075434"
"950101052";"911075435"
"950101053";"911075436"
"950101054";"911075437"
"950101055";"911075438"
"950101056";"911075439"
"950101060";"911075440"
"950101061";"911075441"
"950101067";"911075442"
"950101068";"911075443"
"950101069";"911075444"
"950101070";"911075445"
"950101071";"911075446"
"950101073";"911075447"
"950101074";"911075448"
"950101075";"911075449"
"950101077";"911075450"
"950101078";"911075451"
"950101080";"911075452"
"950101083";"911075453"
"950101091";"911075454"
"950101092";"911075455"
"950101093";"911075456"
"950101095";"911075457"
"950101101";"911075458"
"950101102";"911075459"
"950101103";"911075460"
"950101104";"911075461"
"950101105";"911075462"
"950101106";"911075463"
"950101108";"911075464"
"950101109";"911075465"
"950101110";"911075466"
"950101111";"911075467"
"950101114";"911075468"
"950101115";"911075469"
"950101116";"911075470"
"950101118";"911075471"
"950101119";"911075472"
"950101120";"911075473"
"950101134";"911075474"
"950101136";"911075475"
"950101139";"911075476"
"950101142";"911075477"
"950101143";"911075478"
"950101144";"911075479"
"950101146";"911075480"
"950101147";"911075481"
"950101148";"911075482"
"950101149";"911075483"
"950101151";"911075484"
"950101152";"911075485"
"950101156";"911075486"
"950101157";"911075487"
"950101158";"911075488"
"950101159";"911075489"
"950101160";"911075490"
"950101161";"911075491"
"950101162";"911075492"
"950101163";"911075493"
"950101164";"911075494"
"950101165";"911075495"
"950101166";"911075496"
"950101167";"911075497"
"950101168";"911075498"
"950101169";"911075499"
"950101171";"911075500"
"950101172";"911075501"
"950101174";"911075502"
"950101174";"911095459"
"950103001";"911095408"
"950103002";"911095409"
"950103004";"911095410"
"950103005";"911095411"
"950103008";"911095412"
"950103009";"911095413"
"950103010";"911095414"
"950103011";"911095415"
"950103013";"911095416"
"950103014";"911095417"
"950103015";"911095418"
"950103016";"911095419"
"950103018";"950190001"
"950103019";"911095420"
"950103020";"911095421"
"950103021";"911095422"
"950103022";"911095423"
"950103023";"911095424"
"950103025";"911095425"
"950103026";"911095426"
"950103029";"911095427"
"950103030";"911095428"
"950103031";"911095429"
"950103032";"911095430"
"950103034";"911095431"
"950103036";"911095432"
"950103038";"911095433"
"950103039";"911095434"
"950103048";"911095435"
"950103052";"911095436"
"950103054";"911095437"
"950103055";"911095438"
"950103056";"911095439"
"950103070";"911095440"
"950103071";"911095441"
"950103071";"911135474"
"950103072";"911095442"
"950103080";"911095443"
"950103081";"911095444"
"950103083";"911095445"
"950103085";"911095446"
"950103086";"911095447"
"950103087";"911095448"
"950103089";"911095449"
"950103090";"911095450"
"950103092";"911095451"
"950103093";"911095452"
"950103094";"911095453"
"950103095";"911095454"
"950103096";"911095455"
"950103097";"911095456"
"950103098";"911095457"
"950103098";"911115475"
"950103098";"911125477"
"950103098";"911145481"
"950103098";"911185516"
"950103098";"911195594"
"950103098";"911205516"
"950103099";"911095458"
"950103100";"911075502"
"950103100";"911095459"
"950103101";"911095460"
"950103101";"911115464"
"950103101";"911225471"
"950103102";"911095461"
"950103103";"911095462"
"950103105";"911095463"
"950103107";"911095464"
"950103111";"911095465"
"950103116";"911095466"
"950103120";"911095467"
"950103121";"911095468"
"950103129";"911095469"
"950103132";"911095470"
"950103133";"911095471"
"950103134";"911095472"
"950103136";"911095473"
"950103137";"911095474"
"950103138";"911095475"
"950103139";"911095476"
"950103140";"911095477"
"950103141";"911095478"
"950103144";"911095479"
"950103145";"911095480"
"950103146";"911095481"
"950104001";"911105408"
"950104002";"911105409"
"950104003";"911105410"
"950104005";"911105411"
"950104009";"911105412"
"950104010";"911105413"
"950104011";"911105414"
"950104012";"911105415"
"950104014";"911105416"
"950104015";"911105417"
"950104016";"911105418"
"950104017";"911105419"
"950104018";"911105420"
"950104019";"911105421"
"950104020";"950190002"
"950104021";"911105422"
"950104022";"911105423"
"950104023";"911105424"
"950104025";"911105425"
"950104026";"911105426"
"950104027";"911105427"
"950104029";"911105428"
"950104030";"911105429"
"950104031";"911105430"
"950104035";"911105431"
"950104038";"911105432"
"950104039";"911105433"
"950104043";"911105434"
"950104044";"911105435"
"950104046";"911105436"
"950104047";"911105437"
"950104048";"911105438"
"950104049";"911105439"
"950104051";"911105440"
"950104062";"911105441"
"950104063";"911105442"
"950104064";"911105443"
"950104065";"911105444"
"950104069";"911105445"
"950104073";"911105446"
"950104075";"911105447"
"950104076";"911105448"
"950104077";"911105449"
"950104080";"911105450"
"950104086";"911105451"
"950104087";"911105452"
"950104099";"911105453"
"950104101";"911105454"
"950104103";"911105455"
"950104106";"911105456"
"950104108";"911105457"
"950104109";"911105458"
"950104110";"911105459"
"950104111";"911105460"
"950104114";"911105461"
"950104119";"911105462"
"950104120";"911105463"
"950104122";"911105464"
"950104126";"911105465"
"950104127";"911105466"
"950104128";"911105467"
"950104129";"911105468"
"950104130";"911105469"
"950104131";"911105470"
"950104132";"911105471"
"950104134";"911105472"
"950104135";"911105473"
"950104136";"911105474"
"950104137";"911105475"
"950104141";"911105476"
"950104142";"911105477"
"950104144";"911105478"
"950104146";"911105479"
"950104147";"911105480"
"950104148";"911105481"
"950104151";"911105482"
"950104155";"911105483"
"950104156";"911105484"
"950104157";"911105485"
"950104158";"911105486"
"950104159";"911105487"
"950104160";"911105488"
"950104161";"911105489"
"950104162";"911105490"
"950104165";"911105491"
"950104167";"911105492"
"950104168";"911105493"
"950104170";"911105494"
"950104172";"911105495"
"950104173";"911105496"
"950104175";"911105497"
"950104176";"911105498"
"950104177";"911105499"
"950104179";"911105500"
"950104180";"911105501"
"950104181";"911105502"
"950104184";"911105503"
"950104185";"911105504"
"950104186";"911105505"
"950104188";"911105506"
"950104189";"911105507"
"950104190";"911105508"
"950104191";"911105509"
"950104195";"911105510"
"950104197";"911105511"
"950104200";"911105512"
"950104202";"911105513"
"950104207";"911105514"
"950104210";"911105515"
"950104211";"911105516"
"950104216";"911105517"
"950104217";"911105518"
"950104218";"911105519"
"950104219";"911105520"
"950104220";"911105521"
"950104222";"911105522"
"950104223";"911105523"
"950104226";"911105524"
"950104227";"911105525"
"950104228";"911105526"
"950104229";"911105527"
"950104230";"911105528"
"950104231";"911105529"
"950104231";"911115520"
"950104232";"911105530"
"950104232";"911115520"
"950104233";"911105531"
"950105001";"911115408"
"950105002";"911115409"
"950105003";"911115410"
"950105008";"911115411"
"950105009";"911115412"
"950105010";"911115413"
"950105011";"911115414"
"950105013";"911115415"
"950105014";"911115416"
"950105015";"911115417"
"950105016";"911115418"
"950105016";"911155541"
"950105016";"950290022"
"950105016";"950590012"
"950105016";"950890025"
"950105017";"911115419"
"950105018";"911115420"
"950105020";"911115421"
"950105021";"911115422"
"950105022";"911115423"
"950105025";"911115424"
"950105025";"911205431"
"950105033";"911115425"
"950105035";"911115426"
"950105041";"950190003"
"950105042";"950190004"
"950105044";"911115427"
"950105045";"911115428"
"950105046";"911115429"
"950105048";"911115430"
"950105049";"911115431"
"950105051";"911115432"
"950105052";"911115433"
"950105053";"911115434"
"950105054";"911115435"
"950105055";"911115436"
"950105056";"911115437"
"950105057";"911115438"
"950105061";"911115439"
"950105062";"911115440"
"950105063";"911115441"
"950105064";"911115442"
"950105065";"911115443"
"950105066";"911115444"
"950105067";"911115445"
"950105074";"911115446"
"950105076";"911115447"
"950105077";"911115448"
"950105078";"911115449"
"950105079";"911115450"
"950105080";"911115451"
"950105081";"911115452"
"950105082";"911115453"
"950105085";"911115454"
"950105087";"911115455"
"950105089";"911115456"
"950105092";"911115457"
"950105094";"911115458"
"950105096";"911115459"
"950105101";"911115460"
"950105106";"911115461"
"950105107";"911115462"
"950105109";"911115463"
"950105110";"911095460"
"950105110";"911115464"
"950105110";"911225471"
"950105112";"911115465"
"950105113";"911115466"
"950105115";"911115467"
"950105116";"911115468"
"950105118";"911115469"
"950105119";"911115470"
"950105119";"911155467"
"950105119";"911225473"
"950105120";"911115471"
"950105121";"911115472"
"950105122";"911115473"
"950105123";"911115474"
"950105124";"911095457"
"950105124";"911115475"
"950105124";"911125477"
"950105124";"911145481"
"950105124";"911185516"
"950105124";"911195594"
"950105124";"911205516"
"950105125";"911115476"
"950105127";"911115477"
"950105128";"911115478"
"950105130";"911115479"
"950105145";"911115480"
"950105146";"911115481"
"950105147";"911115482"
"950105150";"911115483"
"950105151";"911115484"
"950105152";"911115485"
"950105153";"911115486"
"950105154";"911115487"
"950105155";"911115488"
"950105156";"911115489"
"950105164";"911115490"
"950105165";"911115491"
"950105166";"911115492"
"950105169";"911115493"
"950105170";"911115494"
"950105173";"911115495"
"950105175";"911115496"
"950105176";"911115497"
"950105179";"911115498"
"950105181";"911115499"
"950105182";"911115500"
"950105183";"911115501"
"950105185";"911115502"
"950105186";"911115503"
"950105187";"911115504"
"950105189";"911115505"
"950105190";"911115506"
"950105191";"911115507"
"950105195";"911115508"
"950105196";"911115509"
"950105198";"911115510"
"950105199";"911115511"
"950105200";"911115512"
"950105201";"911115513"
"950105203";"911115514"
"950105204";"911115515"
"950105205";"911115516"
"950105206";"911115517"
"950105207";"911115518"
"950105208";"911115519"
"950105210";"911105529"
"950105210";"911105530"
"950105210";"911115520"
"950105211";"911115521"
"950105214";"911115522"
"950105216";"911115523"
"950105217";"911115524"
"950105221";"911115525"
"950105222";"911115526"
"950105223";"911115527"
"950105224";"911115528"
"950105227";"911115529"
"950105229";"911115530"
"950105230";"911115531"
"950105232";"911115532"
"950105233";"911115533"
"950105234";"911115534"
"950105235";"911115535"
"950105238";"911115536"
"950105239";"911115537"
"950105240";"911115538"
"950105242";"911115539"
"950105243";"911115540"
"950105244";"911115541"
"950105245";"911115542"
"950105246";"911115543"
"950105247";"911115544"
"950106001";"911125408"
"950106003";"911125409"
"950106004";"911125410"
"950106005";"911125411"
"950106006";"911125412"
"950106007";"911125413"
"950106009";"911125414"
"950106010";"911125415"
"950106011";"911125416"
"950106013";"911125417"
"950106014";"911125418"
"950106015";"911125419"
"950106016";"911125420"
"950106017";"911125421"
"950106019";"911125422"
"950106021";"911125423"
"950106022";"911125424"
"950106023";"911125425"
"950106024";"911125426"
"950106040";"950190005"
"950106041";"950190006"
"950106044";"911125428"
"950106045";"911125429"
"950106046";"911125430"
"950106047";"911125431"
"950106049";"911125432"
"950106050";"911125433"
"950106051";"911125434"
"950106052";"911125435"
"950106055";"911125436"
"950106056";"911125437"
"950106057";"911125438"
"950106058";"911125439"
"950106060";"911125440"
"950106061";"911125441"
"950106062";"911125442"
"950106063";"911125443"
"950106065";"911125444"
"950106068";"911125445"
"950106070";"911125446"
"950106071";"911125447"
"950106072";"911125448"
"950106074";"911125449"
"950106076";"911125450"
"950106077";"911125451"
"950106078";"911125452"
"950106079";"911125453"
"950106080";"911125454"
"950106081";"911125455"
"950106082";"911125456"
"950106085";"911125457"
"950106087";"911125458"
"950106092";"911125459"
"950106093";"911125460"
"950106096";"911125461"
"950106098";"911125462"
"950106099";"911125463"
"950106104";"911125464"
"950106105";"911125465"
"950106106";"911125466"
"950106110";"911125467"
"950106112";"911125468"
"950106113";"911125469"
"950106117";"911125470"
"950106118";"911125471"
"950106125";"911125472"
"950106127";"911125473"
"950106128";"911125474"
"950106129";"911125475"
"950106130";"911125476"
"950106131";"911095457"
"950106131";"911115475"
"950106131";"911125477"
"950106131";"911145481"
"950106131";"911185516"
"950106131";"911195594"
"950106131";"911205516"
"950106134";"911125478"
"950106138";"911125479"
"950106146";"911125480"
"950106149";"911125481"
"950106150";"911125482"
"950106151";"911125483"
"950106152";"911125484"
"950106153";"911125485"
"950106154";"911125486"
"950106155";"911125487"
"950106157";"911125489"
"950106158";"911125490"
"950106159";"911125491"
"950106160";"911125492"
"950106161";"911125493"
"950106162";"911125494"
"950106164";"911125495"
"950106168";"911125496"
"950106169";"911125497"
"950106170";"911125498"
"950106171";"911125499"
"950106172";"911125500"
"950106173";"911125501"
"950106174";"911125502"
"950106177";"911125503"
"950106178";"911125504"
"950106180";"911125505"
"950106181";"911125506"
"950106184";"911125507"
"950106185";"911125508"
"950106186";"911125509"
"950106187";"911125510"
"950106188";"911125511"
"950106191";"911125512"
"950106192";"911125513"
"950106193";"911125514"
"950106195";"911125515"
"950106198";"911125516"
"950106199";"911125517"
"950106201";"911125518"
"950106204";"911125519"
"950106209";"911125520"
"950106210";"911125521"
"950106212";"911125523"
"950106214";"911125524"
"950106217";"911125525"
"950106219";"911125526"
"950106221";"911125527"
"950106223";"911125528"
"950106225";"911125529"
"950106227";"911125530"
"950106228";"911125531"
"950106229";"911125532"
"950106231";"911125533"
"950106234";"911125534"
"950106235";"911125535"
"950106236";"911125536"
"950106240";"911125537"
"950106242";"911125538"
"950106243";"911125539"
"950106244";"911125540"
"950106246";"911125541"
"950106248";"911125542"
"950106249";"911125543"
"950106250";"911125544"
"950106251";"911125545"
"950106255";"911125546"
"950106256";"911125547"
"950106256";"911135534"
"950106257";"911125548"
"950106258";"911125549"
"950106259";"911125550"
"950106260";"911125551"
"950106261";"911125552"
"950106262";"911125553"
"950106263";"911125554"
"950106264";"911125555"
"950106265";"911125556"
"950107001";"911135408"
"950107002";"911135409"
"950107003";"911135410"
"950107004";"911135411"
"950107005";"911135412"
"950107006";"911135413"
"950107007";"911135414"
"950107008";"911135415"
"950107010";"911135416"
"950107011";"911135417"
"950107012";"911135418"
"950107014";"911135419"
"950107015";"911135420"
"950107016";"911135421"
"950107017";"911135422"
"950107018";"911135423"
"950107019";"911135424"
"950107020";"911135425"
"950107021";"911135426"
"950107023";"911135427"
"950107024";"911135428"
"950107026";"911135429"
"950107027";"911135430"
"950107028";"911135431"
"950107029";"911135432"
"950107030";"911135433"
"950107033";"911135434"
"950107034";"911135435"
"950107036";"911135436"
"950107037";"911135437"
"950107038";"911135438"
"950107039";"911135439"
"950107040";"911135440"
"950107041";"911135441"
"950107042";"950190007"
"950107043";"950190008"
"950107044";"911135442"
"950107047";"911135443"
"950107048";"911135444"
"950107050";"911135445"
"950107052";"911135446"
"950107054";"911135447"
"950107055";"911135448"
"950107056";"911135449"
"950107057";"911135450"
"950107058";"911135451"
"950107059";"911135452"
"950107061";"911135453"
"950107062";"911135454"
"950107063";"911135455"
"950107064";"911135456"
"950107065";"911135457"
"950107066";"911135458"
"950107067";"911135459"
"950107068";"911135460"
"950107071";"911135461"
"950107072";"911135462"
"950107075";"911135463"
"950107076";"911135464"
"950107078";"911135465"
"950107079";"911135466"
"950107080";"911135467"
"950107091";"911135468"
"950107092";"911135469"
"950107093";"911135470"
"950107095";"911135471"
"950107100";"911135472"
"950107102";"911135473"
"950107103";"911095441"
"950107103";"911135474"
"950107105";"911135475"
"950107106";"911135476"
"950107114";"911135477"
"950107115";"911135478"
"950107117";"911135479"
"950107122";"911135480"
"950107123";"911135481"
"950107125";"911135482"
"950107128";"911135483"
"950107129";"911135484"
"950107130";"911135485"
"950107132";"911135486"
"950107133";"911135487"
"950107135";"911135488"
"950107136";"911135489"
"950107137";"911135490"
"950107138";"911135491"
"950107139";"911135492"
"950107140";"911135493"
"950107145";"911135494"
"950107146";"911135495"
"950107147";"911135496"
"950107148";"911135497"
"950107149";"911135498"
"950107155";"911135499"
"950107157";"911135500"
"950107158";"911135501"
"950107159";"911135502"
"950107161";"911135503"
"950107162";"911135504"
"950107163";"911135505"
"950107164";"911135506"
"950107165";"911135507"
"950107166";"911135508"
"950107167";"911135509"
"950107168";"911135510"
"950107169";"911135511"
"950107170";"911135512"
"950107173";"911135513"
"950107175";"911135514"
"950107176";"911135515"
"950107179";"911135516"
"950107180";"911135517"
"950107181";"911135518"
"950107182";"911135519"
"950107183";"911135520"
"950107185";"911135521"
"950107187";"911135522"
"950107188";"911135523"
"950107190";"911135524"
"950107200";"911135525"
"950107201";"911135526"
"950107205";"911135527"
"950107206";"911135528"
"950107208";"911135529"
"950107210";"911135530"
"950107211";"911135531"
"950107212";"911135532"
"950107213";"911135533"
"950107214";"911125547"
"950107214";"911135534"
"950107217";"911135535"
"950107218";"911135536"
"950107219";"911135537"
"950107220";"911135538"
"950107221";"911135539"
"950107222";"911135540"
"950107224";"911135541"
"950107225";"911135542"
"950107226";"911135543"
"950107227";"911135544"
"950107228";"911135545"
"950107229";"911135546"
"950107230";"911135547"
"950107231";"911135548"
"950107233";"911135549"
"950107235";"911135550"
"950107237";"911135551"
"950107241";"911135552"
"950107245";"911135553"
"950108002";"911145408"
"950108003";"911145409"
"950108004";"911145410"
"950108008";"911145411"
"950108010";"911145412"
"950108011";"911145413"
"950108012";"911145414"
"950108013";"911145415"
"950108014";"911145416"
"950108016";"911145417"
"950108018";"911145418"
"950108020";"911145419"
"950108022";"911145420"
"950108025";"911145421"
"950108027";"911145422"
"950108028";"911145423"
"950108031";"950190009"
"950108032";"911145424"
"950108034";"911145425"
"950108035";"911145426"
"950108037";"911145427"
"950108039";"911145428"
"950108040";"911145429"
"950108042";"911145430"
"950108043";"911145431"
"950108044";"911145432"
"950108045";"911145433"
"950108046";"911145434"
"950108047";"911145435"
"950108049";"911145436"
"950108050";"911145437"
"950108051";"911145438"
"950108052";"911145439"
"950108053";"911145440"
"950108054";"911145441"
"950108055";"911145442"
"950108056";"911145443"
"950108057";"911145444"
"950108060";"911145445"
"950108062";"911145446"
"950108062";"911215449"
"950108063";"911145447"
"950108064";"911145448"
"950108065";"911145449"
"950108068";"911145450"
"950108069";"911145451"
"950108070";"911145452"
"950108071";"911145453"
"950108072";"911145454"
"950108073";"911145455"
"950108078";"911145456"
"950108080";"911145457"
"950108082";"911145458"
"950108084";"911145459"
"950108091";"911145460"
"950108092";"911145461"
"950108094";"911145462"
"950108102";"911145463"
"950108106";"911145464"
"950108107";"911145465"
"950108108";"911145466"
"950108111";"911145467"
"950108113";"911145468"
"950108114";"911145469"
"950108122";"911145470"
"950108124";"911145471"
"950108128";"911145472"
"950108131";"911145473"
"950108133";"911145474"
"950108134";"911145475"
"950108137";"911145476"
"950108138";"911145477"
"950108139";"911145478"
"950108141";"911145479"
"950108142";"911145480"
"950108143";"911095457"
"950108143";"911115475"
"950108143";"911125477"
"950108143";"911145481"
"950108143";"911185516"
"950108143";"911195594"
"950108143";"911205516"
"950108144";"911145482"
"950108145";"911145483"
"950108147";"911145484"
"950108151";"911145485"
"950108156";"911145486"
"950108157";"911145487"
"950108163";"911145488"
"950108164";"911145489"
"950108166";"911145490"
"950108168";"911145491"
"950108171";"911145492"
"950108172";"911145493"
"950108173";"911145494"
"950108175";"911145495"
"950108177";"911145496"
"950108178";"911145497"
"950108180";"911145498"
"950108181";"911145499"
"950108182";"911145500"
"950108183";"911145501"
"950108185";"911145502"
"950108186";"911145503"
"950108187";"911145504"
"950108188";"911145505"
"950108189";"911145506"
"950108190";"911145507"
"950108191";"911145508"
"950108192";"911145509"
"950108193";"911145510"
"950108194";"911145511"
"950108195";"911145512"
"950108196";"911145513"
"950108196";"911155518"
"950108197";"911145514"
"950108199";"911145515"
"950108200";"911145516"
"950108203";"911145517"
"950109002";"911155408"
"950109003";"911155409"
"950109004";"911155410"
"950109005";"911155411"
"950109007";"911155412"
"950109009";"911155413"
"950109011";"911155414"
"950109012";"911155415"
"950109015";"911155416"
"950109016";"911155417"
"950109018";"911155418"
"950109021";"950190010"
"950109022";"911155419"
"950109024";"911155420"
"950109025";"911155421"
"950109026";"911155422"
"950109027";"911155423"
"950109028";"911155424"
"950109029";"911155425"
"950109032";"911155426"
"950109033";"911155427"
"950109034";"911155428"
"950109035";"911155429"
"950109036";"911155430"
"950109037";"911155431"
"950109038";"911155432"
"950109039";"911155433"
"950109040";"911155434"
"950109041";"911155435"
"950109042";"911155436"
"950109047";"911155437"
"950109048";"911155438"
"950109049";"911155439"
"950109050";"911155440"
"950109052";"911155441"
"950109055";"911155442"
"950109056";"911155443"
"950109057";"911155444"
"950109058";"911155445"
"950109059";"911155446"
"950109060";"911155447"
"950109063";"911155448"
"950109064";"911155449"
"950109067";"911155450"
"950109070";"911155451"
"950109072";"911155452"
"950109078";"911155453"
"950109079";"911155454"
"950109080";"911155455"
"950109083";"911155456"
"950109084";"911155457"
"950109089";"911155458"
"950109090";"911155459"
"950109094";"911155460"
"950109105";"911155461"
"950109113";"911155462"
"950109114";"911155463"
"950109116";"911155464"
"950109117";"911155465"
"950109119";"911155466"
"950109120";"911115470"
"950109120";"911155467"
"950109120";"911225473"
"950109121";"911155468"
"950109123";"911155469"
"950109124";"911155470"
"950109125";"911155471"
"950109126";"911155472"
"950109128";"911155473"
"950109131";"911155474"
"950109133";"911155475"
"950109140";"911155476"
"950109141";"911155477"
"950109144";"911155478"
"950109146";"911155479"
"950109147";"911155480"
"950109148";"911155481"
"950109149";"911155482"
"950109151";"911155483"
"950109152";"911155484"
"950109155";"911155485"
"950109156";"911155486"
"950109157";"911155487"
"950109158";"911155488"
"950109159";"911155489"
"950109160";"911155490"
"950109167";"911155491"
"950109169";"911155492"
"950109170";"911155493"
"950109171";"911155494"
"950109172";"911155495"
"950109173";"911155496"
"950109174";"911155497"
"950109176";"911155498"
"950109178";"911155499"
"950109180";"911155500"
"950109181";"911155501"
"950109182";"911155502"
"950109183";"911155503"
"950109184";"911155504"
"950109185";"911155505"
"950109191";"911155506"
"950109192";"911155507"
"950109193";"911155508"
"950109194";"911155509"
"950109199";"911155510"
"950109200";"911155511"
"950109202";"911155512"
"950109203";"911155513"
"950109204";"911155514"
"950109205";"911155515"
"950109206";"911155516"
"950109209";"911155517"
"950109210";"911145513"
"950109210";"911155518"
"950109211";"911155519"
"950109213";"911155520"
"950109214";"911155521"
"950109217";"911155522"
"950109218";"911155523"
"950109219";"911155524"
"950109220";"911155525"
"950109221";"911155526"
"950109222";"911155527"
"950109223";"911155528"
"950109225";"911155529"
"950109226";"911155530"
"950109227";"911155531"
"950109228";"911155532"
"950109229";"911155533"
"950109231";"911155534"
"950109236";"911155535"
"950109237";"911155536"
"950109238";"911155537"
"950109238";"911165499"
"950109239";"911155538"
"950109240";"911155539"
"950109241";"911155540"
"950109242";"911115418"
"950109242";"911155541"
"950109242";"950290022"
"950109242";"950590012"
"950109242";"950890025"
"950109243";"911155542"
"950109244";"911155543"
"950109245";"911155544"
"950109247";"911155545"
"950110001";"911165408"
"950110002";"911165409"
"950110003";"911165410"
"950110004";"911165411"
"950110005";"911165412"
"950110007";"911165413"
"950110008";"911165414"
"950110009";"911165415"
"950110010";"911165416"
"950110011";"911165417"
"950110012";"911165418"
"950110013";"911165419"
"950110017";"911165420"
"950110018";"911165421"
"950110019";"911165422"
"950110021";"911165423"
"950110022";"911165424"
"950110023";"911165425"
"950110025";"911165426"
"950110027";"911165427"
"950110030";"911165428"
"950110031";"911165429"
"950110032";"911165430"
"950110033";"911165431"
"950110035";"911165432"
"950110036";"911165433"
"950110037";"911165434"
"950110038";"911165435"
"950110039";"911165436"
"950110040";"911165437"
"950110041";"950190011"
"950110043";"911165438"
"950110045";"911165439"
"950110046";"911165440"
"950110047";"911165441"
"950110048";"911165442"
"950110050";"911165443"
"950110051";"911165444"
"950110052";"911165445"
"950110053";"911165446"
"950110054";"911165447"
"950110055";"911165448"
"950110056";"911165449"
"950110057";"911165450"
"950110058";"911165451"
"950110059";"911165452"
"950110060";"911165453"
"950110061";"911165454"
"950110062";"911165455"
"950110063";"911165456"
"950110064";"911165457"
"950110065";"911165458"
"950110067";"911165459"
"950110068";"911165460"
"950110069";"911165461"
"950110071";"911165462"
"950110072";"911165463"
"950110074";"911165464"
"950110075";"911165465"
"950110078";"911165466"
"950110080";"911165467"
"950110082";"911165468"
"950110083";"911165469"
"950110084";"911165470"
"950110085";"911165471"
"950110086";"911165472"
"950110087";"911165473"
"950110088";"911165474"
"950110090";"911165475"
"950110091";"911165476"
"950110092";"911165477"
"950110093";"911165478"
"950110094";"911165479"
"950110095";"911165480"
"950110096";"911165481"
"950110103";"911165482"
"950110104";"911165483"
"950110107";"911165484"
"950110111";"911165485"
"950110112";"911165486"
"950110114";"911165487"
"950110115";"911165488"
"950110116";"911165489"
"950110118";"911165490"
"950110121";"911165491"
"950110122";"911165492"
"950110125";"911165493"
"950110126";"911165494"
"950110128";"911165495"
"950110130";"911165496"
"950110132";"911165497"
"950110134";"911165498"
"950110136";"911155537"
"950110136";"911165499"
"950110137";"911165500"
"950110138";"911165501"
"950110140";"911165502"
"950110141";"911165503"
"950110142";"911165504"
"950110144";"911165505"
"950110145";"911165506"
"950110146";"911165507"
"950110148";"911165508"
"950110149";"911165509"
"950110150";"911165510"
"950110151";"911165511"
"950110154";"911165512"
"950110161";"911165513"
"950110163";"911165514"
"950110164";"911165515"
"950110165";"911165516"
"950110167";"911165517"
"950110168";"911165518"
"950110169";"911165519"
"950110170";"911165520"
"950110171";"911165521"
"950110172";"911165522"
"950110173";"911165523"
"950110174";"911165524"
"950110178";"911165525"
"950110179";"911165526"
"950110180";"911165527"
"950110181";"911165528"
"950110182";"911165529"
"950110184";"911165530"
"950110185";"911165531"
"950110186";"911165532"
"950110187";"911165533"
"950110188";"911165534"
"950110189";"911165535"
"950110191";"911165536"
"950110193";"911165537"
"950110194";"911165538"
"950110195";"911165539"
"950110196";"911165540"
"950110197";"911165541"
"950110198";"911165542"
"950110199";"911165543"
"950110200";"911165544"
"950110201";"911165545"
"950110202";"911165546"
"950110204";"911165547"
"950110205";"911165548"
"950110206";"911165549"
"950110210";"911165550"
"950110213";"911165551"
"950110216";"911165552"
"950110219";"911165553"
"950110220";"911165554"
"950110221";"911165555"
"950110222";"911165556"
"950110226";"911165557"
"950110227";"911165558"
"950110230";"911165559"
"950110231";"911165560"
"950110232";"911165561"
"950110234";"911165562"
"950110235";"911165563"
"950110244";"911165564"
"950110245";"911165565"
"950110246";"911165566"
"950110247";"911165567"
"950110250";"911165568"
"950110252";"911165569"
"950110253";"911165570"
"950110254";"911165571"
"950110256";"911165572"
"950110257";"911165573"
"950110258";"911165574"
"950110259";"911165575"
"950110262";"911165576"
"950110263";"911165577"
"950110264";"911165578"
"950110264";"911225490"
"950110265";"911165579"
"950110266";"911165580"
"950110268";"911165581"
"950110269";"911165582"
"950110271";"911165583"
"950110272";"911165584"
"950110273";"911165585"
"950110274";"911165586"
"950110275";"911165587"
"950110276";"911165588"
"950110277";"911165589"
"950110278";"911165590"
"950110279";"911165591"
"950110281";"911165592"
"950110282";"911165593"
"950110283";"911165594"
"950110284";"911165595"
"950110287";"911165596"
"950111001";"911175408"
"950111003";"911175409"
"950111005";"911175410"
"950111006";"911175411"
"950111007";"911175412"
"950111010";"911175414"
"950111011";"911175415"
"950111012";"911175416"
"950111013";"911175417"
"950111014";"911175418"
"950111015";"911175419"
"950111018";"911175420"
"950111019";"911175421"
"950111020";"911175422"
"950111021";"911175423"
"950111022";"911175424"
"950111024";"911175425"
"950111026";"911175426"
"950111027";"911175427"
"950111028";"911175428"
"950111031";"911175429"
"950111032";"911175430"
"950111033";"911175431"
"950111034";"911175432"
"950111035";"911175433"
"950111036";"911175434"
"950111040";"911175435"
"950111041";"911175436"
"950111042";"911175437"
"950111043";"911175438"
"950111044";"911175439"
"950111045";"950190012"
"950111046";"950190013"
"950111047";"911175440"
"950111049";"911175441"
"950111050";"911175442"
"950111051";"911175443"
"950111052";"911175444"
"950111054";"911175445"
"950111055";"911175446"
"950111056";"911175447"
"950111057";"911175448"
"950111060";"911175449"
"950111060";"950390046"
"950111060";"951090029"
"950111060";"951290050"
"950111062";"911175450"
"950111063";"911175451"
"950111066";"911175452"
"950111067";"911175453"
"950111068";"911175454"
"950111072";"911175455"
"950111073";"911175456"
"950111074";"911175457"
"950111075";"911175458"
"950111076";"911175459"
"950111077";"911175460"
"950111078";"911175461"
"950111079";"911175462"
"950111080";"911175463"
"950111081";"911175464"
"950111083";"911175465"
"950111084";"911175466"
"950111089";"911175467"
"950111091";"911175468"
"950111092";"911175469"
"950111093";"911175470"
"950111094";"911175471"
"950111095";"911175472"
"950111096";"911175473"
"950111097";"911175474"
"950111098";"911175475"
"950111099";"911175476"
"950111102";"911175477"
"950111106";"911175478"
"950111110";"911175479"
"950111112";"911175480"
"950111114";"911175481"
"950111117";"911175482"
"950111118";"911175483"
"950111119";"911175484"
"950111121";"911175485"
"950111124";"911175486"
"950111127";"911175487"
"950111132";"911175488"
"950111134";"911175489"
"950111135";"911175490"
"950111136";"911175491"
"950111141";"911175492"
"950111142";"911175493"
"950111144";"911175494"
"950111145";"911175495"
"950111146";"911175496"
"950111150";"911175497"
"950111151";"911175498"
"950111152";"911175499"
"950111153";"911175500"
"950111154";"911175501"
"950111155";"911175502"
"950111156";"911175503"
"950111157";"911175504"
"950111161";"911175505"
"950111162";"911175506"
"950111163";"911175507"
"950111165";"911175509"
"950111166";"911175510"
"950111167";"911175511"
"950111168";"911175512"
"950111169";"911175513"
"950111170";"911175514"
"950111172";"911175516"
"950111173";"911175517"
"950111174";"911175518"
"950111175";"911175519"
"950111176";"911175520"
"950111177";"911175521"
"950111178";"911175522"
"950111179";"911175523"
"950111180";"911175524"
"950111181";"911175525"
"950111182";"911175526"
"950111183";"911175527"
"950111184";"911175528"
"950111186";"911175529"
"950111187";"911175530"
"950111189";"911175531"
"950111190";"911175532"
"950111191";"911175533"
"950111192";"911175534"
"950111193";"911175535"
"950111194";"911175536"
"950111195";"911175537"
"950111196";"911175538"
"950111197";"911175539"
"950111198";"911175540"
"950111200";"911175541"
"950111201";"911175542"
"950111202";"911175543"
"950111204";"911175544"
"950111207";"911175545"
"950111208";"911175546"
"950111209";"911175547"
"950111210";"911175548"
"950111211";"911175549"
"950111212";"911175550"
"950111213";"911175551"
"950111215";"911175552"
"950111218";"911175553"
"950111219";"911175554"
"950111221";"911175555"
"950111222";"911175556"
"950111225";"911175557"
"950111226";"911175558"
"950111227";"911175559"
"950111228";"911175560"
"950111229";"911175561"
"950111231";"911175562"
"950111237";"911175563"
"950111239";"911175564"
"950111241";"911175565"
"950111246";"911175566"
"950111247";"911175567"
"950111249";"911175568"
"950111250";"911175569"
"950111251";"911175570"
"950111252";"911175571"
"950111256";"911175572"
"950111259";"911175573"
"950111260";"911175574"
"950111261";"911175575"
"950111262";"911175576"
"950111263";"911175577"
"950111264";"911175578"
"950111265";"911175579"
"950111266";"911175580"
"950111267";"911175581"
"950111268";"911175582"
"950111270";"911175583"
"950111271";"911175584"
"950111272";"911175585"
"950111273";"911175586"
"950111274";"911175587"
"950111275";"911175588"
"950111276";"911175589"
"950111277";"911175590"
"950111278";"911175591"
"950111279";"911175592"
"950111280";"911175593"
"950111281";"911175594"
"950112002";"911185408"
"950112003";"911185409"
"950112004";"911185410"
"950112005";"911185411"
"950112006";"911185412"
"950112007";"911185413"
"950112008";"911185414"
"950112009";"911185415"
"950112010";"911185416"
"950112011";"911185417"
"950112012";"911185418"
"950112013";"911185419"
"950112015";"911185420"
"950112016";"911185421"
"950112017";"911185422"
"950112018";"911185423"
"950112019";"911185424"
"950112020";"911185425"
"950112021";"911185426"
"950112022";"911185427"
"950112023";"911185428"
"950112024";"911185429"
"950112025";"911185430"
"950112026";"911185431"
"950112028";"911185432"
"950112029";"911185433"
"950112030";"911185434"
"950112032";"911185435"
"950112033";"911185436"
"950112036";"911185437"
"950112037";"911185438"
"950112039";"911185439"
"950112040";"911185440"
"950112041";"911185441"
"950112042";"911185442"
"950112043";"950190014"
"950112044";"950190015"
"950112045";"911185443"
"950112047";"911185444"
"950112048";"911185445"
"950112050";"911185446"
"950112051";"911185447"
"950112052";"911185448"
"950112053";"911185449"
"950112054";"911185450"
"950112055";"911185451"
"950112056";"911185452"
"950112057";"911185453"
"950112058";"911185454"
"950112059";"911185455"
"950112060";"911185456"
"950112061";"911185457"
"950112062";"911185458"
"950112063";"911185459"
"950112064";"911185460"
"950112065";"911185461"
"950112066";"911185462"
"950112067";"911185463"
"950112068";"911185464"
"950112069";"911185465"
"950112070";"911185466"
"950112071";"911185467"
"950112072";"911185468"
"950112074";"911185469"
"950112075";"911185470"
"950112076";"911185471"
"950112077";"911185472"
"950112078";"911185473"
"950112079";"911185474"
"950112080";"911185475"
"950112082";"911185476"
"950112083";"911185477"
"950112085";"911185478"
"950112086";"911185479"
"950112087";"911185480"
"950112089";"911185481"
"950112090";"911185482"
"950112091";"911185483"
"950112092";"911185484"
"950112094";"911185485"
"950112096";"911185486"
"950112097";"911185487"
"950112098";"911185488"
"950112100";"911185489"
"950112101";"911185490"
"950112102";"911185491"
"950112103";"911185492"
"950112104";"911185493"
"950112105";"911185494"
"950112108";"911185495"
"950112109";"911185496"
"950112110";"911185497"
"950112111";"911185498"
"950112112";"911185499"
"950112113";"911185500"
"950112114";"911185501"
"950112122";"911185502"
"950112124";"911185503"
"950112129";"911185504"
"950112131";"911185505"
"950112133";"911185506"
"950112134";"911185507"
"950112137";"911185508"
"950112138";"911185509"
"950112139";"911185510"
"950112141";"911185511"
"950112142";"911185512"
"950112143";"911185513"
"950112146";"911185514"
"950112147";"911185515"
"950112149";"911095457"
"950112149";"911115475"
"950112149";"911125477"
"950112149";"911145481"
"950112149";"911185516"
"950112149";"911195594"
"950112149";"911205516"
"950112150";"911185517"
"950112151";"911185518"
"950112152";"911185519"
"950112153";"911185520"
"950112154";"911185521"
"950112159";"911185522"
"950112160";"911185523"
"950112162";"911185524"
"950112163";"911185525"
"950112168";"911185526"
"950112169";"911185527"
"950112173";"911185528"
"950112174";"911185529"
"950112175";"911185530"
"950112176";"911185531"
"950112177";"911185532"
"950112178";"911185533"
"950112179";"911185534"
"950112180";"911185535"
"950112182";"911185536"
"950112183";"911185537"
"950112185";"911185538"
"950112186";"911185539"
"950112187";"911185540"
"950112189";"911185541"
"950112191";"911185542"
"950112193";"911185543"
"950112195";"911185544"
"950112196";"911185545"
"950112197";"911185546"
"950112198";"911185547"
"950112199";"911185548"
"950112200";"911185549"
"950112201";"911185550"
"950112202";"911185551"
"950112203";"911185552"
"950112204";"911185553"
"950112205";"911185554"
"950112209";"911185555"
"950112210";"911185556"
"950112213";"911185557"
"950112215";"911185558"
"950112218";"911185559"
"950112219";"911185560"
"950112220";"911185561"
"950112222";"911185563"
"950112223";"911185564"
"950112224";"911185565"
"950112225";"911185566"
"950112228";"911185567"
"950112230";"911185568"
"950112231";"911185569"
"950112232";"911185570"
"950112233";"911185571"
"950112237";"911185572"
"950112238";"911185573"
"950112239";"911185574"
"950112240";"911185575"
"950112241";"911185576"
"950112242";"911185577"
"950112243";"911185578"
"950112244";"911185579"
"950112245";"911185580"
"950112249";"911185582"
"950112250";"911185583"
"950112251";"911185584"
"950112252";"911185585"
"950112253";"911185586"
"950112255";"911185587"
"950112256";"911185588"
"950112257";"911185589"
"950112258";"911185590"
"950112259";"911185591"
"950112260";"911185592"
"950112261";"911185593"
"950112262";"911185594"
"950112264";"911185595"
"950112265";"911185596"
"950112266";"911185597"
"950112267";"911185598"
"950112268";"911185599"
"950112269";"911185600"
"950112270";"911185601"
"950112271";"911185602"
"950112271";"911195603"
"950112276";"911185603"
"950112277";"911185604"
"950112278";"911185605"
"950112279";"911185606"
"950112280";"911185607"
"950112282";"911185608"
"950112283";"911185609"
"950112286";"911185610"
"950112287";"911185611"
"950112294";"911185612"
"950112295";"911185613"
"950112296";"911185614"
"950112297";"911185615"
"950112298";"911185616"
"950112299";"911185617"
"950112300";"911185618"
"950112302";"911185619"
"950112303";"911185620"
"950112304";"911185621"
"950113001";"911195408"
"950113002";"911195409"
"950113003";"911195410"
"950113004";"911195411"
"950113005";"911195412"
"950113006";"911195413"
"950113008";"911195414"
"950113009";"911195415"
"950113010";"911195416"
"950113012";"911195417"
"950113013";"911195418"
"950113014";"911195419"
"950113015";"911195420"
"950113017";"911195421"
"950113018";"911195422"
"950113019";"911195423"
"950113020";"911195424"
"950113021";"911195425"
"950113022";"911195426"
"950113023";"911195427"
"950113024";"911195428"
"950113025";"911195429"
"950113026";"911195430"
"950113027";"911195431"
"950113028";"911195432"
"950113029";"911195433"
"950113030";"911195434"
"950113032";"911195435"
"950113033";"911195436"
"950113034";"911195437"
"950113035";"911195438"
"950113036";"911195439"
"950113038";"911195440"
"950113039";"911195441"
"950113041";"911195442"
"950113042";"911195443"
"950113045";"911195444"
"950113046";"911195445"
"950113047";"911195446"
"950113048";"911195447"
"950113049";"911195448"
"950113050";"911195449"
"950113051";"911195450"
"950113052";"950190016"
"950113053";"950190017"
"950113054";"911195451"
"950113056";"911195452"
"950113057";"911195453"
"950113058";"911195454"
"950113059";"911195455"
"950113060";"911195456"
"950113061";"911195457"
"950113062";"911195458"
"950113064";"911195459"
"950113065";"911195460"
"950113066";"911195461"
"950113067";"911195462"
"950113068";"911195463"
"950113069";"911195464"
"950113070";"911195465"
"950113071";"911195466"
"950113072";"911195467"
"950113075";"911195468"
"950113076";"911195469"
"950113077";"911195470"
"950113079";"911195471"
"950113080";"911195472"
"950113081";"911195473"
"950113082";"911195474"
"950113083";"911195475"
"950113084";"911195476"
"950113085";"911195477"
"950113086";"911195478"
"950113088";"911195479"
"950113089";"911195480"
"950113091";"911195481"
"950113092";"911195482"
"950113094";"911195483"
"950113096";"911195484"
"950113097";"911195485"
"950113098";"911195486"
"950113099";"911195487"
"950113100";"911195488"
"950113101";"911195489"
"950113105";"911195490"
"950113107";"911195491"
"950113110";"911195492"
"950113113";"911195493"
"950113116";"911195494"
"950113119";"911195495"
"950113120";"911195496"
"950113122";"911195497"
"950113123";"911195498"
"950113124";"911195499"
"950113126";"911195500"
"950113127";"911195501"
"950113128";"911195502"
"950113130";"911195503"
"950113131";"911195504"
"950113132";"911195505"
"950113133";"911195506"
"950113134";"911195507"
"950113136";"911195508"
"950113137";"911195509"
"950113139";"911195510"
"950113141";"911195511"
"950113143";"911195512"
"950113145";"911195513"
"950113147";"911195514"
"950113152";"911195515"
"950113155";"911195516"
"950113156";"911195517"
"950113157";"911195518"
"950113159";"911195519"
"950113163";"911195520"
"950113164";"911195521"
"950113165";"911195522"
"950113166";"911195523"
"950113167";"911195524"
"950113168";"911195525"
"950113170";"911195526"
"950113171";"911195527"
"950113172";"911195528"
"950113176";"911195529"
"950113177";"911195530"
"950113178";"911195531"
"950113179";"911195532"
"950113180";"911195533"
"950113181";"911195534"
"950113182";"911195535"
"950113183";"911195536"
"950113185";"911195537"
"950113186";"911195538"
"950113187";"911195539"
"950113188";"911195540"
"950113189";"911195541"
"950113190";"911195542"
"950113193";"911195543"
"950113195";"911195544"
"950113196";"911195545"
"950113198";"911195546"
"950113200";"911195547"
"950113202";"911195548"
"950113203";"911195549"
"950113204";"911195550"
"950113205";"911195551"
"950113206";"911195552"
"950113207";"911195553"
"950113210";"911195554"
"950113212";"911195555"
"950113214";"911195556"
"950113215";"911195557"
"950113217";"911195558"
"950113218";"911195559"
"950113219";"911195560"
"950113220";"911195561"
"950113221";"911195562"
"950113222";"911195563"
"950113224";"911195564"
"950113225";"911195565"
"950113226";"911195566"
"950113228";"911195567"
"950113232";"911195568"
"950113233";"911195569"
"950113234";"911195570"
"950113235";"911195571"
"950113236";"911195572"
"950113237";"911195573"
"950113238";"911195574"
"950113241";"911195575"
"950113243";"911195576"
"950113245";"911195577"
"950113246";"911195578"
"950113250";"911195579"
"950113251";"911195580"
"950113253";"911195581"
"950113254";"911195582"
"950113258";"911195583"
"950113260";"911195584"
"950113263";"911195585"
"950113264";"911195586"
"950113268";"911195587"
"950113270";"911195588"
"950113273";"911195589"
"950113275";"911195590"
"950113276";"911195591"
"950113277";"911195592"
"950113278";"911195593"
"950113279";"911095457"
"950113279";"911115475"
"950113279";"911125477"
"950113279";"911145481"
"950113279";"911185516"
"950113279";"911195594"
"950113279";"911205516"
"950113280";"911195595"
"950113281";"911195596"
"950113282";"911195597"
"950113283";"911195598"
"950113285";"911195599"
"950113287";"911195600"
"950113288";"911195601"
"950113289";"911195602"
"950113290";"911185602"
"950113290";"911195603"
"950113291";"911195604"
"950113292";"911195605"
"950113294";"911195606"
"950113295";"911195607"
"950113300";"911195608"
"950113301";"911195609"
"950113302";"911195610"
"950113303";"911195611"
"950113305";"911195612"
"950113307";"911195613"
"950113313";"911195614"
"950113314";"911195615"
"950113316";"911195616"
"950113316";"911205568"
"950113317";"911195617"
"950113317";"911205508"
"950113318";"911195618"
"950113319";"911195619"
"950113321";"911195620"
"950113322";"911195621"
"950114001";"911205408"
"950114003";"911205409"
"950114004";"911205410"
"950114005";"911205411"
"950114006";"911205412"
"950114007";"911205413"
"950114008";"911205414"
"950114009";"911205415"
"950114010";"911205416"
"950114012";"911205417"
"950114013";"911205418"
"950114015";"911205419"
"950114016";"911205420"
"950114017";"911205421"
"950114018";"911205422"
"950114020";"911205423"
"950114021";"911205424"
"950114022";"911205425"
"950114023";"911205426"
"950114024";"911205427"
"950114027";"911205428"
"950114028";"911205429"
"950114029";"911205430"
"950114031";"911115424"
"950114031";"911205431"
"950114033";"911205432"
"950114034";"911205433"
"950114035";"911205434"
"950114036";"911205435"
"950114037";"911205436"
"950114038";"911205437"
"950114040";"911205438"
"950114041";"911205439"
"950114046";"950190018"
"950114048";"911205440"
"950114049";"911205441"
"950114050";"911205442"
"950114051";"911205443"
"950114052";"911205444"
"950114053";"911205445"
"950114054";"911205446"
"950114056";"911205447"
"950114057";"911205448"
"950114058";"911205449"
"950114059";"911205450"
"950114060";"911205451"
"950114061";"911205452"
"950114062";"911205453"
"950114063";"911205454"
"950114064";"911205455"
"950114065";"911205456"
"950114066";"911205457"
"950114067";"911205458"
"950114068";"911205459"
"950114070";"911205460"
"950114071";"911205461"
"950114072";"911205462"
"950114074";"911205463"
"950114075";"911205464"
"950114077";"911205465"
"950114078";"911205466"
"950114079";"911205467"
"950114080";"911205468"
"950114082";"911205469"
"950114083";"911205470"
"950114084";"911205471"
"950114085";"911205472"
"950114086";"911205473"
"950114087";"911205474"
"950114088";"911205475"
"950114089";"911205476"
"950114090";"911205477"
"950114091";"911205478"
"950114092";"911205479"
"950114094";"911205480"
"950114095";"911205481"
"950114097";"911205482"
"950114099";"911205483"
"950114100";"911205484"
"950114101";"911205485"
"950114102";"911205486"
"950114103";"911205487"
"950114108";"911205488"
"950114111";"911205489"
"950114113";"911205490"
"950114114";"911205491"
"950114116";"911205492"
"950114120";"911205493"
"950114121";"911205494"
"950114124";"911205495"
"950114125";"911205496"
"950114127";"911205497"
"950114134";"911205498"
"950114135";"911205499"
"950114137";"911205500"
"950114139";"911205501"
"950114140";"911205502"
"950114141";"911205503"
"950114145";"911205504"
"950114148";"911205505"
"950114150";"911205506"
"950114151";"911205507"
"950114152";"911195617"
"950114152";"911205508"
"950114153";"911205509"
"950114156";"911205510"
"950114157";"911205511"
"950114160";"911205512"
"950114161";"911205513"
"950114164";"911205514"
"950114166";"911205515"
"950114167";"911095457"
"950114167";"911115475"
"950114167";"911125477"
"950114167";"911145481"
"950114167";"911185516"
"950114167";"911195594"
"950114167";"911205516"
"950114169";"911205517"
"950114172";"911205518"
"950114173";"911205519"
"950114177";"911205520"
"950114180";"911205521"
"950114181";"911205522"
"950114182";"911205523"
"950114183";"911205524"
"950114184";"911205525"
"950114185";"911205526"
"950114186";"911205527"
"950114187";"911205528"
"950114188";"911205529"
"950114189";"911205530"
"950114190";"911205531"
"950114191";"911205532"
"950114192";"911205533"
"950114193";"911205534"
"950114194";"911205535"
"950114195";"911205536"
"950114196";"911205537"
"950114197";"911205538"
"950114199";"911205539"
"950114200";"911205540"
"950114201";"911205541"
"950114202";"911205542"
"950114204";"911205543"
"950114205";"911205544"
"950114206";"911205545"
"950114209";"911205546"
"950114210";"911205547"
"950114211";"911205548"
"950114212";"911205549"
"950114213";"911205550"
"950114216";"911205551"
"950114218";"911205552"
"950114219";"911205553"
"950114220";"911205554"
"950114221";"911205555"
"950114223";"911205556"
"950114224";"911205557"
"950114237";"911205558"
"950114238";"911205559"
"950114241";"911205560"
"950114242";"911205561"
"950114243";"911205562"
"950114244";"911205563"
"950114245";"911205564"
"950114247";"911205565"
"950114248";"911205566"
"950114249";"911205567"
"950114251";"911195616"
"950114251";"911205568"
"950114252";"911205569"
"950114252";"911235488"
"950114253";"911205570"
"950114254";"911205571"
"950114256";"911205572"
"950114257";"911205573"
"950114258";"911205574"
"950114260";"911205575"
"950114261";"911205576"
"950114262";"911205577"
"950114263";"911205578"
"950114264";"911205579"
"950114265";"911205580"
"950114266";"911205581"
"950114267";"911205582"
"950114269";"911205583"
"950114270";"911205584"
"950114272";"911205585"
"950114272";"911215418"
"950114274";"911205586"
"950114275";"911205587"
"950114276";"911205588"
"950114277";"911205589"
"950114278";"911205590"
"950114279";"911205591"
"950114280";"911205592"
"950114281";"911205593"
"950114282";"911205594"
"950114283";"911205595"
"950114284";"911205596"
"950114285";"911205597"
"950114288";"911205598"
"950114290";"911205599"
"950114291";"911205600"
"950114295";"911205601"
"950115002";"911215408"
"950115003";"911215409"
"950115005";"911215410"
"950115006";"911215411"
"950115007";"911215412"
"950115008";"911215413"
"950115011";"911215414"
"950115012";"911215415"
"950115013";"911215416"
"950115014";"911215417"
"950115016";"911205585"
"950115016";"911215418"
"950115018";"911215419"
"950115019";"911215420"
"950115020";"911215421"
"950115021";"911215422"
"950115024";"911215423"
"950115030";"911215424"
"950115032";"911215425"
"950115033";"911215426"
"950115035";"911215427"
"950115036";"950190019"
"950115037";"950190020"
"950115040";"911215428"
"950115041";"911215429"
"950115042";"911215430"
"950115043";"911215431"
"950115044";"911215432"
"950115045";"911215433"
"950115048";"911215434"
"950115050";"911215435"
"950115051";"911215436"
"950115053";"911215437"
"950115055";"911215438"
"950115057";"911215439"
"950115059";"911215440"
"950115060";"911215441"
"950115063";"911215442"
"950115065";"911215443"
"950115067";"911215444"
"950115068";"911215445"
"950115071";"911215446"
"950115074";"911215447"
"950115077";"911215448"
"950115078";"911145446"
"950115078";"911215449"
"950115079";"911215450"
"950115080";"911215451"
"950115087";"911215452"
"950115093";"911215453"
"950115101";"911215454"
"950115102";"911215455"
"950115103";"911215456"
"950115104";"911215457"
"950115106";"911215458"
"950115107";"911215459"
"950115110";"911215460"
"950115111";"911215461"
"950115113";"911215462"
"950115118";"911215463"
"950115121";"911215464"
"950115124";"911215465"
"950115127";"911215466"
"950115128";"911215467"
"950115129";"911215468"
"950115131";"911215469"
"950115132";"911215470"
"950115133";"911215471"
"950115134";"911215472"
"950115139";"911215473"
"950115140";"911215474"
"950115142";"911215475"
"950115143";"911215476"
"950115145";"911215477"
"950115147";"911215478"
"950115148";"911215479"
"950115153";"911215480"
"950115153";"911225480"
"950115155";"911215481"
"950115157";"911215482"
"950115158";"911215483"
"950115159";"911215484"
"950115161";"911215485"
"950115162";"911215486"
"950115163";"911215487"
"950115165";"911215488"
"950115167";"911215489"
"950115168";"911215490"
"950115169";"911215491"
"950115171";"911215492"
"950115173";"911215493"
"950115174";"911215494"
"950115175";"911215495"
"950115176";"911215496"
"950115177";"911215497"
"950115179";"911215498"
"950115180";"911215499"
"950115181";"911215500"
"950115182";"911215501"
"950115183";"911215502"
"950115184";"911215503"
"950115185";"911215504"
"950115187";"911215505"
"950115188";"911215506"
"950115189";"911215507"
"950115190";"911215508"
"950115191";"911215509"
"950115193";"911215510"
"950115195";"911215511"
"950115196";"911215512"
"950115198";"911215513"
"950115200";"911215514"
"950115202";"911215515"
"950115203";"911215516"
"950115204";"911215517"
"950116002";"911225408"
"950116003";"911225409"
"950116005";"911225410"
"950116009";"911225411"
"950116014";"911225412"
"950116015";"911225413"
"950116016";"911225414"
"950116017";"911225415"
"950116018";"911225416"
"950116019";"911225417"
"950116020";"911225418"
"950116021";"911225419"
"950116024";"911225420"
"950116026";"911225421"
"950116027";"911225422"
"950116028";"911225423"
"950116031";"911225424"
"950116032";"911225425"
"950116033";"911225426"
"950116034";"911225427"
"950116036";"911225428"
"950116038";"911225429"
"950116039";"911225430"
"950116040";"911225431"
"950116041";"911225432"
"950116042";"911225433"
"950116044";"911225434"
"950116045";"911225435"
"950116046";"911225436"
"950116047";"911225437"
"950116048";"911225438"
"950116049";"911225439"
"950116050";"911225440"
"950116052";"950190021"
"950116058";"911225441"
"950116059";"911225442"
"950116060";"911225443"
"950116061";"911225444"
"950116064";"911225445"
"950116065";"911225446"
"950116066";"911225447"
"950116067";"911225448"
"950116068";"911225449"
"950116069";"911225450"
"950116072";"911225451"
"950116073";"911225452"
"950116074";"911225453"
"950116075";"911225454"
"950116076";"911225455"
"950116079";"911225456"
"950116080";"911225457"
"950116081";"911225458"
"950116082";"911225459"
"950116089";"911225460"
"950116108";"911225461"
"950116115";"911225462"
"950116117";"911225463"
"950116125";"911225464"
"950116128";"911225465"
"950116131";"911225466"
"950116132";"911225467"
"950116134";"911225468"
"950116135";"911225469"
"950116142";"911225470"
"950116147";"911095460"
"950116147";"911115464"
"950116147";"911225471"
"950116149";"911225472"
"950116152";"911115470"
"950116152";"911155467"
"950116152";"911225473"
"950116153";"911225474"
"950116154";"911225475"
"950116155";"911225476"
"950116156";"911225477"
"950116157";"911225478"
"950116158";"911225479"
"950116159";"911215480"
"950116159";"911225480"
"950116160";"911225481"
"950116161";"911225482"
"950116163";"911225483"
"950116164";"911225484"
"950116165";"911225485"
"950116166";"911225486"
"950116167";"911225487"
"950116168";"911225488"
"950116171";"911225489"
"950116177";"911165578"
"950116177";"911225490"
"950116178";"911225491"
"950116180";"911225492"
"950116181";"911225493"
"950116182";"911225494"
"950116183";"911225495"
"950116184";"911225496"
"950116185";"911225497"
"950116186";"911225498"
"950116189";"911225499"
"950116190";"911225500"
"950117002";"911235408"
"950117004";"911235409"
"950117005";"911235410"
"950117006";"911235411"
"950117007";"911235412"
"950117009";"911235413"
"950117010";"911235414"
"950117011";"911235415"
"950117012";"911235416"
"950117015";"911235417"
"950117016";"911235418"
"950117017";"911235419"
"950117018";"911235420"
"950117019";"911235421"
"950117021";"911235422"
"950117022";"911235423"
"950117023";"911235424"
"950117024";"911235425"
"950117025";"911235426"
"950117030";"911235427"
"950117031";"911235428"
"950117032";"911235429"
"950117033";"911235430"
"950117034";"911235431"
"950117036";"911235432"
"950117037";"911235433"
"950117038";"911235434"
"950117039";"911235435"
"950117040";"911235436"
"950117042";"950190022"
"950117043";"911235437"
"950117045";"950190023"
"950117046";"911235438"
"950117047";"911235439"
"950117051";"911235440"
"950117052";"911235441"
"950117053";"911235442"
"950117054";"911235443"
"950117055";"911235444"
"950117059";"911235445"
"950117060";"911235446"
"950117061";"911235447"
"950117062";"911235448"
"950117063";"911235449"
"950117067";"911235450"
"950117068";"911235451"
"950117069";"911235452"
"950117070";"911235453"
"950117072";"911235454"
"950117073";"911235455"
"950117074";"911235456"
"950117078";"911235457"
"950117079";"911235458"
"950117086";"911235459"
"950117090";"911235460"
"950117094";"911235461"
"950117097";"911235462"
"950117098";"911235463"
"950117099";"911235464"
"950117101";"911235465"
"950117109";"911235466"
"950117110";"911235467"
"950117111";"911235468"
"950117113";"911235469"
"950117116";"911235470"
"950117120";"911235471"
"950117123";"911235472"
"950117126";"911235473"
"950117127";"911235474"
"950117128";"911235475"
"950117129";"911235476"
"950117131";"911235477"
"950117132";"911235478"
"950117133";"911235479"
"950117134";"911235480"
"950117136";"911235481"
"950117145";"911235482"
"950117146";"911235483"
"950117147";"911235484"
"950117148";"911235485"
"950117149";"911235486"
"950117150";"911235487"
"950117151";"911205569"
"950117151";"911235488"
"950117153";"911235489"
"950117154";"911235490"
"950117155";"911235491"
"950117156";"911235492"
"950117157";"911235493"
"950117158";"911235494"
"950117159";"911235495"
"950117163";"911235496"
"950117165";"911235497"
"950117166";"911235498"
"950117167";"911235499"
"950117168";"911235500"
"950117169";"911235501"
"950117170";"911235502"
"950117171";"911235503"
"950117172";"911235504"
"950117173";"911235505"
"950117175";"911235507"
"950117177";"911235508"
"950117178";"911235509"
"950117181";"911235510"
"950117182";"911235511"
"950117183";"911235512"
"950117184";"911235513"
"950117185";"911235514"
"950117186";"911235515"
"950117187";"911235516"
"950117188";"911235517"
"950117189";"911235518"
"950117190";"911235519"
"950117191";"911235520"
"950117193";"911235521"
"950117196";"911235522"
"950117197";"911235523"
"950117201";"911235524"
"950117203";"911235525"
"950117205";"911235526"
"950117206";"911235527"
"950117207";"911235528"
"950117208";"911235529"
"950117210";"911235530"
"950117211";"911235531"
"950117212";"911235532"
"950117213";"911235533"
"950117214";"911235534"
"950117215";"911235535"
"950117217";"911235536"
"950117219";"911235537"
"950117221";"911235538"
"950117224";"911235539"
"950117225";"911235540"
"950117226";"911235541"
"950117227";"911235542"
"950117228";"911235543"
"950117233";"911235544"
"950117234";"911235545"
"950117235";"911235546"
"950117236";"911235547"
"950117238";"911235548"
"950117241";"911235549"
"950117243";"911235550"
"950117244";"911235551"
"950117245";"911235552"
"950119047";"950190024"
"950120049";"950190025"
"950120050";"950190026"
"950121045";"950190027"
"950121046";"950190028"
"950122051";"950190029"
"950122052";"950190030"
"950123086";"950190031"
"950123087";"950190032"
"950124042";"950190033"
"950124043";"950190034"
"950125052";"950190035"
"950125053";"950190036"
"950126047";"950190037"
"950126048";"950190038"
"950127047";"950190039"
"950127047";"950990048"
"950127048";"950190040"
"950128044";"950190041"
"950128045";"950190042"
"950129035";"950190043"
"950129037";"950190044"
"950130052";"950190045"
"950130053";"950190046"
"950131056";"950190047"
"950131057";"950190048"
"950201060";"950290000"
"950201061";"950290001"
"950202054";"950290002"
"950202055";"950290003"
"950203049";"950290004"
"950203050";"950290005"
"950204061";"950290006"
"950204062";"950290007"
"950205035";"950290008"
"950205038";"950290009"
"950206067";"950290010"
"950206068";"950290011"
"950207056";"950290012"
"950207057";"950290013"
"950207057";"950590039"
"950207057";"951190027"
"950208058";"950290014"
"950208059";"950290015"
"950209058";"950290016"
"950209059";"950290017"
"950210050";"950290018"
"950210051";"950290019"
"950211050";"950290020"
"950211051";"950290021"
"950212037";"911115418"
"950212037";"911155541"
"950212037";"950290022"
"950212037";"950590012"
"950212037";"950890025"
"950214057";"950290023"
"950214058";"950290024"
"950215054";"950290025"
"950216051";"950290026"
"950217044";"950290027"
"950217044";"950590027"
"950217045";"950290028"
"950218041";"950290029"
"950218042";"950290030"
"950219027";"950290031"
"950219028";"950290032"
"950220031";"950290033"
"950220031";"950590000"
"950220031";"951090007"
"950220032";"950290034"
"950221060";"950290035"
"950221061";"950290036"
"950222053";"950290037"
"950222054";"950290038"
"950223050";"950290039"
"950224053";"950290040"
"950224054";"950290041"
"950225046";"950290042"
"950225047";"950290043"
"950226033";"950290044"
"950226034";"950290045"
"950227033";"950290046"
"950227033";"950890038"
"950227033";"951190001"
"950227033";"951190008"
"950227034";"950290047"
"950228056";"950290048"
"950228057";"950290049"
"950301058";"950390000"
"950301059";"950390001"
"950302048";"950390002"
"950302049";"950390003"
"950303044";"950390004"
"950303045";"950390005"
"950304054";"950390006"
"950304055";"950390007"
"950305033";"950390008"
"950306029";"950390009"
"950307049";"950390010"
"950307050";"950390011"
"950308049";"950390012"
"950308050";"950390013"
"950309049";"950390014"
"950309050";"950390015"
"950310051";"950390016"
"950310052";"950390017"
"950311045";"950390018"
"950311046";"950390019"
"950312036";"950390020"
"950312037";"950390021"
"950313024";"950390022"
"950313029";"950390023"
"950314049";"950390024"
"950314050";"950390025"
"950315040";"950390026"
"950316040";"950390027"
"950316041";"950390028"
"950317050";"950390029"
"950317050";"950790029"
"950317051";"950390030"
"950318046";"950390031"
"950318047";"950390032"
"950319031";"950390033"
"950319032";"950390034"
"950320035";"950390035"
"950321033";"950390036"
"950321034";"950390037"
"950323023";"950390038"
"950323030";"950390039"
"950324047";"950390040"
"950324048";"950390041"
"950325045";"950390042"
"950325047";"950390043"
"950326030";"950390044"
"950327028";"950390045"
"950328045";"911175449"
"950328045";"950390046"
"950328045";"951090029"
"950328045";"951290050"
"950328046";"950390047"
"950329044";"950390048"
"950330047";"950390049"
"950330048";"950390050"
"950331047";"950390051"
"950331048";"950390052"
"950401039";"950490000"
"950401040";"950490001"
"950402032";"950490002"
"950402033";"950490003"
"950404053";"950490004"
"950404054";"950490005"
"950405043";"950490006"
"950405044";"950490007"
"950406052";"950490008"
"950406053";"950490009"
"950407031";"950490010"
"950407037";"950490011"
"950408046";"950490012"
"950409035";"950490013"
"950410038";"950490014"
"950411042";"950490015"
"950411043";"950490016"
"950412054";"950490017"
"950412056";"950490018"
"950413047";"950490019"
"950413049";"950490020"
"950414050";"950490021"
"950414051";"950490022"
"950415041";"950490023"
"950415043";"950490024"
"950416032";"950490025"
"950417071";"950490026"
"950418049";"950490027"
"950418050";"950490028"
"950419050";"950490029"
"950419051";"950490030"
"950420045";"950490031"
"950420046";"950490032"
"950421037";"950490033"
"950421044";"950490034"
"950422054";"950490035"
"950422055";"950490036"
"950423032";"950490037"
"950423032";"950690002"
"950423033";"950490038"
"950424231";"950490039"
"950424232";"950490040"
"950425051";"950490041"
"950426047";"950490042"
"950426048";"950490043"
"950426048";"950690000"
"950427049";"950490044"
"950427050";"950490045"
"950428052";"950490046"
"950428053";"950490047"
"950429039";"950490048"
"950429040";"950490049"
"950430031";"950490050"
"950430035";"950490051"
"950501044";"950290033"
"950501044";"950590000"
"950501044";"951090007"
"950501045";"950590001"
"950502042";"950590002"
"950502044";"950590003"
"950503040";"950590004"
"950505039";"950590005"
"950507028";"950590006"
"950507029";"950590007"
"950508043";"950590008"
"950509042";"950590009"
"950509043";"950590010"
"950510047";"950590011"
"950510048";"911115418"
"950510048";"911155541"
"950510048";"950290022"
"950510048";"950590012"
"950510048";"950890025"
"950511050";"950590013"
"950511051";"950590014"
"950512056";"950590015"
"950512057";"950590016"
"950513048";"950590017"
"950513049";"950590018"
"950514035";"950590019"
"950514036";"950590020"
"950515033";"950590021"
"950515034";"950590022"
"950516052";"950590023"
"950516053";"950590024"
"950517049";"950590025"
"950518048";"950590026"
"950518049";"950290027"
"950518049";"950590027"
"950519051";"950590028"
"950519052";"950590029"
"950520043";"950590030"
"950520043";"951190026"
"950520043";"951290016"
"950520051";"950590031"
"950521035";"950590032"
"950521039";"950590033"
"950522042";"950590034"
"950522044";"950590035"
"950523047";"950590036"
"950523048";"950590037"
"950524052";"950590038"
"950525050";"950290013"
"950525050";"950590039"
"950525050";"951190027"
"950525051";"950590040"
"950526051";"950590041"
"950526052";"950590042"
"950527044";"950590043"
"950527045";"950590044"
"950528038";"950590045"
"950529052";"950590046"
"950529053";"950590047"
"950530048";"950590048"
"950530049";"950590049"
"950531051";"950590050"
"950531052";"950590051"
"950601050";"950490043"
"950601050";"950690000"
"950601051";"950690001"
"950602041";"950490037"
"950602041";"950690002"
"950602042";"950690003"
"950603048";"950690004"
"950603049";"950690005"
"950604029";"950690006"
"950604030";"950690007"
"950605046";"950690008"
"950605047";"950690009"
"950606048";"950690010"
"950606049";"950690011"
"950607031";"950690012"
"950607032";"950690013"
"950608051";"950690014"
"950608052";"950690015"
"950609050";"950690016"
"950609051";"950690017"
"950610043";"950690018"
"950610044";"950690019"
"950611041";"950690020"
"950613041";"950690021"
"950613042";"950690022"
"950614044";"950690023"
"950614045";"950690024"
"950615062";"950690025"
"950615063";"950690026"
"950616056";"950690027"
"950616057";"950690028"
"950617054";"950690029"
"950617055";"950690030"
"950618033";"950690031"
"950618034";"950690032"
"950619044";"950690033"
"950619053";"950690034"
"950620048";"950690035"
"950620049";"950690036"
"950621050";"950690037"
"950621051";"950690038"
"950622044";"950690039"
"950622045";"950690040"
"950623046";"950690041"
"950623048";"950690042"
"950624048";"950690043"
"950624049";"950690044"
"950625034";"950690045"
"950625035";"950690046"
"950626049";"950690047"
"950626050";"950690048"
"950627042";"950690049"
"950627043";"950690050"
"950628048";"950690051"
"950628050";"950690052"
"950629041";"950690053"
"950629042";"950690054"
"950630041";"950690055"
"950630042";"950690056"
"950701054";"950790000"
"950701055";"950790001"
"950702031";"950790002"
"950702032";"950790003"
"950703039";"950790004"
"950705056";"950790005"
"950705057";"950790006"
"950706044";"950790007"
"950706045";"950790008"
"950707046";"950790009"
"950707048";"950790010"
"950708044";"950790011"
"950708045";"950790012"
"950709032";"950790013"
"950709033";"950790014"
"950711042";"950790015"
"950711043";"950790016"
"950712045";"950790017"
"950712046";"950790018"
"950713042";"950790019"
"950714040";"950790020"
"950714041";"950790021"
"950715048";"950790022"
"950715049";"950790023"
"950716033";"950790024"
"950717035";"950790025"
"950717036";"950790026"
"950718048";"950790027"
"950718049";"950790028"
"950719048";"950390029"
"950719048";"950790029"
"950720040";"950790030"
"950720045";"950790031"
"950721046";"950790032"
"950721047";"950790033"
"950722043";"950790034"
"950722044";"950790035"
"950723027";"950790036"
"950723028";"950790037"
"950724109";"950790038"
"950725051";"950790039"
"950726050";"950790040"
"950726051";"950790041"
"950727044";"950790042"
"950727045";"950790043"
"950728043";"950790044"
"950729048";"950790045"
"950729049";"950790046"
"950730027";"950790047"
"950730028";"950790048"
"950731048";"950790049"
"950731049";"950790050"
"950801041";"950890000"
"950801042";"950890001"
"950802046";"950890002"
"950802047";"950890003"
"950803042";"950890004"
"950803051";"950890005"
"950804048";"950890006"
"950805043";"950890007"
"950805044";"950890008"
"950806035";"950890009"
"950808037";"950890010"
"950809046";"950890011"
"950809047";"950890012"
"950810048";"950890013"
"950810049";"950890014"
"950811047";"950890015"
"950812041";"950890016"
"950813033";"950890017"
"950815003";"950890018"
"950816051";"950890019"
"950816053";"950890020"
"950817045";"950890021"
"950817046";"950890022"
"950818032";"950890023"
"950819042";"950890024"
"950820029";"911115418"
"950820029";"911155541"
"950820029";"950290022"
"950820029";"950590012"
"950820029";"950890025"
"950821050";"950890026"
"950822044";"950890027"
"950822045";"950890028"
"950823052";"950890029"
"950824050";"950890030"
"950825059";"950890031"
"950825060";"950890032"
"950826048";"950890033"
"950827028";"950890034"
"950829042";"950890035"
"950829043";"950890036"
"950831044";"950890037"
"950831045";"950290046"
"950831045";"950890038"
"950831045";"951190001"
"950831045";"951190008"
"950901045";"950990000"
"950901047";"950990001"
"950902048";"950990002"
"950903037";"950990003"
"950904040";"950990004"
"950905049";"950990005"
"950905050";"950990006"
"950906052";"950990007"
"950906053";"950990008"
"950907027";"950990009"
"950907034";"950990010"
"950908046";"950990011"
"950909044";"950990012"
"950909045";"950990013"
"950910030";"950990014"
"950910031";"950990015"
"950911051";"950990016"
"950911052";"950990017"
"950912048";"950990018"
"950912049";"950990019"
"950913045";"950990020"
"950913046";"950990021"
"950914051";"950990022"
"950915041";"950990023"
"950915042";"950990024"
"950916042";"950990025"
"950917031";"950990026"
"950917034";"950990027"
"950918034";"950990028"
"950918036";"950990029"
"950919043";"950990030"
"950919044";"950990031"
"950920048";"950990032"
"950920049";"950990033"
"950921053";"950990034"
"950921054";"950990035"
"950922041";"950990036"
"950922042";"950990037"
"950923040";"950990038"
"950923041";"950990039"
"950924032";"950990040"
"950924033";"950990041"
"950926046";"950990042"
"950926047";"950990043"
"950927049";"950990044"
"950927050";"950990045"
"950928047";"950990046"
"950928049";"950990047"
"950929044";"950190039"
"950929044";"950990048"
"950929045";"950990049"
"950930046";"950990050"
"950930047";"950990051"
"951002038";"951090000"
"951003049";"951090001"
"951003050";"951090002"
"951004048";"951090003"
"951004049";"951090004"
"951005055";"951090005"
"951005056";"951090006"
"951006057";"950290033"
"951006057";"950590000"
"951006057";"951090007"
"951006058";"951090008"
"951007042";"951090009"
"951007044";"951090010"
"951008028";"951090011"
"951009054";"951090012"
"951009055";"951090013"
"951010047";"951090014"
"951010048";"951090015"
"951012044";"951090016"
"951013049";"951090017"
"951013050";"951090018"
"951014047";"951090019"
"951015029";"951090020"
"951016040";"951090021"
"951016041";"951090022"
"951017050";"951090023"
"951017051";"951090024"
"951018042";"951090025"
"951018049";"951090026"
"951019049";"951090027"
"951020055";"951090028"
"951021046";"911175449"
"951021046";"950390046"
"951021046";"951090029"
"951021046";"951290050"
"951021047";"951090030"
"951022030";"951090031"
"951022031";"951090032"
"951023058";"951090033"
"951023059";"951090034"
"951024051";"951090035"
"951024052";"951090036"
"951025045";"951090037"
"951025046";"951090038"
"951026044";"951090039"
"951027045";"951090040"
"951028034";"951090041"
"951028035";"951090042"
"951029040";"951090043"
"951029041";"951090044"
"951030059";"951090045"
"951031045";"951090046"
"951031046";"951090047"
"951101050";"951190000"
"951101051";"950290046"
"951101051";"950890038"
"951101051";"951190001"
"951101051";"951190008"
"951102050";"951190002"
"951102051";"951190003"
"951103042";"951190004"
"951103044";"951190005"
"951104036";"951190006"
"951104038";"951190007"
"951105030";"950290046"
"951105030";"950890038"
"951105030";"951190001"
"951105030";"951190008"
"951105031";"951190009"
"951106066";"951190010"
"951106067";"951190011"
"951107045";"951190012"
"951107046";"951190013"
"951108050";"951190014"
"951108052";"951190015"
"951109048";"951190016"
"951109050";"951190017"
"951110047";"951190018"
"951110049";"951190019"
"951111041";"951190020"
"951111042";"951190021"
"951112035";"951190022"
"951114043";"951190023"
"951114044";"951190024"
"951115045";"951190025"
"951115046";"950590030"
"951115046";"951190026"
"951115046";"951290016"
"951116047";"950290013"
"951116047";"950590039"
"951116047";"951190027"
"951117051";"951190028"
"951117052";"951190029"
"951118044";"951190030"
"951118045";"951190031"
"951119035";"951190032"
"951120050";"951190033"
"951120051";"951190034"
"951121047";"951190035"
"951121048";"951190036"
"951122039";"951190037"
"951123045";"951190038"
"951123047";"951190039"
"951124038";"951190040"
"951125042";"951190041"
"951126032";"951190042"
"951126034";"951190043"
"951127051";"951190044"
"951127052";"951190045"
"951128046";"951190046"
"951129037";"951190047"
"951129038";"951190048"
"951130044";"951190049"
"951130045";"951190050"
"951201043";"951290000"
"951201044";"951290001"
"951202051";"951290002"
"951202052";"951290003"
"951203030";"951290004"
"951203031";"951290005"
"951204037";"951290006"
"951204038";"951290007"
"951205039";"951290008"
"951205040";"951290009"
"951206043";"951290010"
"951206050";"951290011"
"951207049";"951290012"
"951207050";"951290013"
"951208049";"951290014"
"951208050";"951290015"
"951209041";"950590030"
"951209041";"951190026"
"951209041";"951290016"
"951209043";"951290017"
"951210034";"951290018"
"951210035";"951290019"
"951212035";"951290020"
"951212036";"951290021"
"951213046";"951290022"
"951213047";"951290023"
"951214046";"951290024"
"951214047";"951290025"
"951215046";"951290026"
"951215047";"951290027"
"951216045";"951290028"
"951216051";"951290029"
"951217025";"951290030"
"951217027";"951290031"
"951218043";"951290032"
"951218044";"951290033"
"951219045";"951290034"
"951219047";"951290035"
"951220043";"951290036"
"951222043";"951290038"
"951222044";"951290039"
"951223042";"951290040"
"951223045";"951290041"
"951224034";"951290042"
"951224035";"951290043"
"951225058";"951290045"
"951226044";"951290046"
"951226045";"951290047"
"951227039";"951290048"
"951227041";"951290049"
"951228043";"911175449"
"951228043";"950390046"
"951228043";"951090029"
"951228043";"951290050"
"951228044";"951290051"
"951230037";"951290052"
"951231044";"951290054"
